{
  "peak_positions": [
    28.5279,
    28.6004,
    33.0617,
    33.1463,
    47.4641,
    47.5894,
    56.3228,
    56.4754,
    59.0694,
    59.231,
    69.3945,
    69.5919,
    76.6809,
    76.9065,
    79.0558,
    79.2911,
    88.4089,
    88.6864,
    95.3825,
    95.3825,
    95.6961,
    95.6961
  ],
  "peak_intensities": [
    22530.0,
    17397.0,
    5241.0,
    4186.0,
    13994.0,
    6988.0,
    11067.0,
    5329.0,
    2052.0,
    882.0,
    2199.0,
    1102.0,
    4277.0,
    2025.0,
    2851.0,
    1324.0,
    3552.0,
    1730.0,
    3294.0,
    3294.0,
    1398.0,
    1398.0
  ],
  "d_spacings": [
    3.126353705149551,
    3.118593239958998,
    2.70725675284111,
    2.700540022588772,
    1.9139794318889265,
    1.9092319995827227,
    1.632140471713822,
    1.6280918638368846,
    1.5626312801731888,
    1.5587530209470937,
    1.3532076367825463,
    1.3498511263580855,
    1.2417525774127196,
    1.2386716397733966,
    1.2102997846836703,
    1.2072979961741301,
    1.1048150325095516,
    1.102074273014367,
    1.041609892911947,
    1.041609892911947,
    1.0390256282881825,
    1.0390256282881825
  ],
  "fwhm_values": [
    0.11911911911911943,
    0.11911911911911943,
    0.12912912912912589,
    0.12912912912912589,
    0.08708708708708457,
    0.08708708708708457,
    0.08458458458458296,
    0.08508508508508328,
    0.08458458458458296,
    0.08508508508509038,
    0.09459459459459651,
    0.09459459459459651,
    0.09309309309308844,
    null,
    0.09259259259259522,
    null,
    0.10060060060060039,
    0.03253253253252808,
    0.09809809809810588,
    0.09809809809810588,
    0.1096096096096062,
    0.1096096096096062
  ],
  "asymmetry_values": [
    1.4040404040404026,
    1.4040404040404026,
    1.7157894736842956,
    1.7157894736842956,
    1.0232558139534806,
    1.0232558139534806,
    1.0609756097560765,
    1.0731707317072918,
    0.9204545454545712,
    0.9101123595504453,
    1.7794117647057657,
    1.7794117647057657,
    0.9787234042553256,
    null,
    0.9680851063831394,
    null,
    0.9900990099008538,
    1.0,
    0.9405940594059656,
    0.9405940594059656,
    1.1683168316829569,
    1.1683168316829569
  ],
  "shape_stats": {
    "fwhm_mean": 0.09667167167167143,
    "fwhm_std": 0.020451601226247517,
    "asymmetry_mean": 1.1982218730976721,
    "asymmetry_std": 0.30579266314416215
  },
  "peak_count": 22,
  "source": "solution_prf_file",
  "created": "2025-08-05 08:00:19"
}